Date,AAPL,PETR4.SA,VALE3.SA
2024-07-11,226.25392150878903,32.70625686645508,55.13336944580078
2024-07-12,229.20672607421875,32.55266571044922,55.94245147705078
2024-07-15,233.04440307617188,32.851314544677734,56.00468826293945
2024-07-16,233.46197509765625,32.76598358154297,55.41788101196289
2024-07-17,227.55633544921875,32.936641693115234,54.90220260620117
2024-07-18,222.8834991455078,32.87690734863281,54.38652420043945
2024-07-19,223.0127410888672,33.0134391784668,54.342063903808594
2024-07-22,222.664794921875,32.356407165527344,54.279823303222656
2024-07-23,223.7086944580078,31.93829917907715,53.55076599121094
2024-07-24,217.276123046875,32.19428634643555,53.87973403930664
2024-07-25,216.23220825195312,32.1516227722168,53.853057861328125
2024-07-26,216.69949340820312,32.11749267578125,54.65325546264648
2024-07-29,216.97787475585935,31.4689998626709,54.75105667114258
2024-07-30,217.5346221923828,31.27274513244629,53.5418701171875
2024-07-31,220.795654296875,31.921236038208008,54.795509338378906
2024-08-01,217.09716796875,31.43486976623535,53.568546295166016
2024-08-02,218.5885009765625,30.48772621154785,52.82169723510742
2024-08-05,208.05975341796875,30.46212577819824,52.54872512817383
2024-08-06,206.03155517578125,30.991161346435547,52.81598663330078
2024-08-07,208.60655212402344,30.94849967956543,52.71460723876953
2024-08-08,212.07638549804688,31.443395614624023,52.39205551147461
2024-08-09,214.9894561767578,31.153284072875977,52.58559036254883
2024-08-12,216.52230834960935,31.86150550842285,52.31832504272461
2024-08-13,220.24496459960935,31.665254592895508,52.08793258666992
2024-08-14,220.69290161132807,32.21988296508789,51.60871124267578
2024-08-15,223.6790008544922,32.71479034423828,51.82067108154297
2024-08-16,225.0028381347656,32.851314544677734,51.68243789672852
2024-08-19,224.8435821533203,32.80011367797852,52.51185989379883
2024-08-20,225.4607086181641,32.672122955322266,52.71460723876953
2024-08-21,225.3511962890625,32.475868225097656,53.72835159301758
2024-08-22,223.4898834228516,32.57521057128906,53.80208206176758
2024-08-23,225.78916931152344,32.37336730957031,52.89892959594727
2024-08-26,226.1275787353516,34.725242614746094,53.49795150756836
2024-08-27,226.97364807128903,34.260135650634766,55.11072540283203
2024-08-28,225.44078063964844,34.75156784057617,54.71444320678711
2024-08-29,228.7255096435547,34.51462936401367,54.64993667602539
2024-08-30,227.9391632080078,34.54973220825195,54.90797805786133
2024-09-02,,34.22502899169922,54.13385009765625
2024-09-03,221.73802185058597,33.81257629394531,52.11557769775391
2024-09-04,219.8269195556641,33.82135391235352,52.52107620239258
2024-09-05,221.34982299804688,33.61073684692383,52.89892959594727
2024-09-06,219.7970733642578,32.95256423950195,52.23538589477539
2024-09-09,219.8866424560547,33.3123664855957,52.23538589477539
2024-09-10,219.09034729003903,32.75950241088867,51.60871124267578
2024-09-11,221.62852478027344,32.724395751953125,53.07402801513672
2024-09-12,221.73802185058597,32.35581970214844,53.55324935913086
2024-09-13,221.4692840576172,32.206634521484375,53.91266632080078
2024-09-16,215.31790161132807,32.65419387817383,53.91266632080078
2024-09-17,215.78570556640625,32.5050048828125,53.65462493896485
2024-09-18,219.66766357421875,31.723976135253903,53.027950286865234
2024-09-19,227.8097686767578,31.82927894592285,53.66383743286133
2024-09-20,227.1428680419922,31.82050323486328,52.85284423828125
2024-09-23,225.4208831787109,32.145206451416016,53.01873397827149
2024-09-24,226.31671142578125,32.27683639526367,55.60838317871094
2024-09-25,225.32135009765625,32.5137825012207,55.857208251953125
2024-09-26,226.4660186767578,31.81172752380371,59.21177673339844
2024-09-27,226.73475646972656,31.688871383666992,58.94451522827149
2024-09-30,231.920654296875,31.60110855102539,58.52980422973633
2024-10-01,225.1620941162109,32.44357681274414,58.81549453735352
2024-10-02,225.72946166992188,32.89113235473633,59.1380500793457
2024-10-03,224.6245880126953,33.2948112487793,58.00450134277344
2024-10-04,225.74935913085935,33.20705795288086,57.58057022094727
2024-10-07,220.66302490234372,33.67216873168945,58.08744430541992
2024-10-08,224.72413635253903,32.99644088745117,56.32721710205078
2024-10-09,228.47666931152344,32.662967681884766,56.17976379394531
2024-10-10,227.97897338867188,33.040321350097656,56.447025299072266
2024-10-11,226.4958953857422,33.01399230957031,57.25802230834961
2024-10-14,230.228515625,33.09297180175781,57.07369995117188
2024-10-15,232.76670837402344,32.82093048095703,56.37329864501953
2024-10-16,230.70628356933597,32.65419387817383,57.4515495300293
2024-10-17,231.07456970214844,32.40847396850586,55.99544906616211
2024-10-18,233.91136169433597,32.32072067260742,55.80191421508789
2024-10-21,235.384521484375,31.81172752380371,55.59916687011719
2024-10-22,234.76739501953125,31.688871383666992,55.67289733886719
2024-10-23,229.6910095214844,31.29396629333496,54.69601440429688
2024-10-24,229.5019073486328,31.504581451416016,55.01857376098633
2024-10-25,230.3380126953125,31.723976135253903,56.88938903808594
2024-10-28,232.3187713623047,31.67131996154785,57.94921112060547
2024-10-29,232.5875244140625,31.60110855102539,57.7464599609375
2024-10-30,229.03407287597656,31.46070098876953,57.57135772705078
2024-10-31,224.8634796142578,31.513357162475582,57.19350814819336
2024-11-01,221.87738037109372,31.083351135253903,57.16585540771485
2024-11-04,220.9815368652344,31.15355491638184,57.755672454833984
2024-11-05,222.41488647460935,31.057024002075195,57.24879837036133
2024-11-06,221.68826293945312,31.0657958984375,56.60369491577149
2024-11-07,226.42620849609372,31.16232681274414,58.57588577270508
2024-11-08,226.15716552734372,31.75029945373535,55.87564468383789
2024-11-11,223.43682861328125,31.81172752380371,54.050907135009766
2024-11-12,223.43682861328125,32.40847396850586,52.82520294189453
2024-11-13,224.32366943359372,32.36459732055664,52.6777458190918
2024-11-14,227.41270446777344,32.706844329833984,52.38283920288086
2024-11-15,224.2040863037109,,
2024-11-18,227.21340942382807,33.522979736328125,53.03716278076172
2024-11-19,227.4724884033203,33.17195129394531,53.1569709777832
2024-11-20,228.18994140625,,
2024-11-21,227.71163940429688,33.26848602294922,53.1016731262207
2024-11-22,229.05686950683597,34.593605041503906,53.61775970458984
2024-11-25,232.04624938964844,34.38299560546875,53.608543395996094
2024-11-26,234.2285003662109,34.33911895751953,52.926570892333984
2024-11-27,234.09896850585935,34.21625900268555,53.571685791015625
2024-11-28,,33.865230560302734,53.01873397827149
2024-11-29,236.490478515625,34.13727569580078,54.170711517333984
2024-12-02,238.7424774169922,34.356666564941406,54.29972839355469
2024-12-03,241.79165649414065,34.663814544677734,53.88502502441406
2024-12-04,242.1503753662109,34.444427490234375,52.834415435791016
2024-12-05,242.18028259277344,34.78667068481445,53.26755905151367
2024-12-06,241.98098754882807,34.25135803222656,52.35519027709961
2024-12-09,245.8771514892578,35.13770294189453,55.13837814331055
2024-12-10,246.8935546875,35.26933288574219,55.08308029174805
2024-12-11,245.6180725097656,35.620357513427734,54.22600555419922
2024-12-12,247.08290100097656,34.983238220214844,52.7295036315918
2024-12-13,247.2522735595703,34.76424789428711,51.93916702270508
2024-12-16,250.1519775390625,34.618255615234375,51.91127395629883
2024-12-17,252.58334350585935,34.946739196777344,52.1716194152832
2024-12-18,247.1725616455078,34.043418884277344,50.962867736816406
2024-12-19,248.90640258789065,33.906551361083984,49.99586486816406
2024-12-20,253.58978271484372,33.62369155883789,50.78620147705078
2024-12-23,254.36703491210935,33.632816314697266,51.00005722045898
2024-12-24,257.2866516113281,,
2024-12-26,258.1037292480469,33.88564682006836,51.14882659912109
2024-12-27,254.68588256835935,33.78144073486328,50.89778137207031
2024-12-30,251.3078765869141,34.28351593017578,50.72111892700195
2024-12-31,249.5341796875,,
2025-01-02,242.9874267578125,34.83296585083008,50.44217300415039
2025-01-03,242.4991455078125,34.4635124206543,49.50306701660156
2025-01-06,244.1333465576172,34.302467346191406,48.87079620361328
2025-01-07,241.3532257080078,35.03190612792969,48.39659118652344
2025-01-08,241.8414764404297,34.747711181640625,47.93168640136719
2025-01-09,,34.89927673339844,47.63414764404297
2025-01-10,236.01217651367188,34.99401092529297,47.90379333496094
2025-01-13,233.5708465576172,35.11716079711914,47.894493103027344
2025-01-14,232.45480346679688,34.880332946777344,48.21062850952149
2025-01-15,237.028564453125,35.3255729675293,48.90798568725586
2025-01-16,227.45257568359372,35.09821701049805,48.97307205200195
2025-01-17,229.16647338867188,35.24031448364258,50.66532897949219
2025-01-20,,35.3255729675293,50.47936630249024
2025-01-21,221.8524475097656,35.335044860839844,50.22831726074219
2025-01-22,223.0382232666016,35.1361083984375,48.963775634765625
2025-01-23,222.8688507080078,34.88980865478516,48.64764022827149
2025-01-24,221.991943359375,34.709815979003906,49.307804107666016
2025-01-27,229.04690551757807,35.22136688232422,50.17252731323242
2025-01-28,237.41717529296875,35.17400360107422,48.9544792175293
2025-01-29,238.5133056640625,34.95611953735352,49.09394836425781
2025-01-30,236.7495574951172,35.42030715942383,51.167423248291016
2025-01-31,235.16519165039065,35.70450210571289,50.3677864074707
2025-02-03,227.2034454345703,35.52450942993164,50.40498352050781
2025-02-04,231.9765167236328,35.17400360107422,50.22831726074219
2025-02-05,231.64767456054688,34.91822814941406,50.49796295166016
2025-02-06,232.39501953125,34.85191345214844,51.26040649414063
2025-02-07,226.8247985839844,34.652976989746094,50.98146438598633
2025-02-10,227.0941162109375,34.88980865478516,51.51145553588867
2025-02-11,232.05198669433597,34.88980865478516,51.28829956054688
2025-02-12,236.29161071777344,34.368778228759766,50.94427108764648
2025-02-13,240.9402313232422,34.406673431396484,51.00935745239258
2025-02-14,244.00274658203125,35.46767044067383,51.76250076293945
2025-02-17,,35.685550689697266,51.48355865478516
2025-02-18,243.87306213378903,36.33920669555664,51.82759094238281
2025-02-19,244.27207946777344,36.41498947143555,51.781097412109375
2025-02-20,245.2297515869141,36.47183227539063,53.68721008300781
2025-02-21,244.95042419433597,36.36762237548828,54.077728271484375
2025-02-24,246.49664306640625,36.11185073852539,53.58493041992188
2025-02-25,246.4367828369141,35.9508056640625,53.06423568725586
2025-02-26,239.77310180664065,35.9508056640625,52.73880386352539
2025-02-27,236.72056579589844,34.681392669677734,52.34828186035156
2025-02-28,241.24948120117188,34.03721618652344,51.27900314331055
2025-03-03,237.4487762451172,,
2025-03-04,235.3539123535156,,
2025-03-05,235.1643829345703,32.796226501464844,51.68811798095703
2025-03-06,234.75538635253903,32.4551887512207,52.25530242919922
2025-03-07,238.4862518310547,32.805702209472656,53.01774978637695
2025-03-10,226.92454528808597,32.796226501464844,52.15970230102539
2025-03-11,220.30075073242188,32.30362319946289,52.59444427490234
2025-03-12,216.4501800537109,32.30362319946289,51.937496185302734
2025-03-13,209.16799926757807,32.625709533691406,52.65241241455078
2025-03-14,212.9687042236328,33.6298713684082,54.38173294067383
2025-03-17,213.4774627685547,34.25510025024414,55.16426849365234
2025-03-18,212.1706695556641,34.28351593017578,55.57003402709961
2025-03-19,214.7144317626953,34.25510025024414,55.47342300415039
2025-03-20,213.5772247314453,34.33088684082031,55.29952621459961
2025-03-21,217.73704528808597,34.861385345458984,55.50240707397461
2025-03-24,220.19102478027344,34.814022064208984,55.21257781982422
2025-03-25,223.2036590576172,35.0887451171875,55.39613342285156
2025-03-26,220.98907470703125,35.42030715942383,55.73426818847656
2025-03-27,223.3034210205078,35.685550689697266,56.17867660522461
2025-03-28,217.3679351806641,35.45819854736328,55.60867691040039
2025-03-31,221.58761596679688,35.202423095703125,54.77783203125
2025-04-01,222.64503479003903,35.335044860839844,55.251220703125
2025-04-02,223.34332275390625,35.24031448364258,55.00003433227539
2025-04-03,202.69384765625,34.1035270690918,53.00986862182617
2025-04-04,187.92002868652344,32.729915618896484,50.89411163330078
2025-04-07,181.0169219970703,31.43208694458008,50.28546905517578
2025-04-08,171.9989776611328,30.31424903869629,47.53208923339844
2025-04-09,198.3644561767578,31.545764923095703,50.092247009277344
2025-04-10,189.9550323486328,29.58481216430664,50.99072265625
2025-04-11,197.6661529541016,30.17215156555176,51.84088897705078
2025-04-14,202.02549743652344,30.0584716796875,52.51715850830078
2025-04-15,201.6464080810547,29.36693000793457,51.98580551147461
2025-04-16,193.79563903808597,29.36693000793457,50.77818298339844
2025-04-17,196.4990234375,29.94756126403809,51.08733367919922
2025-04-21,192.6883544921875,,
2025-04-22,199.25228881835935,30.015514373779297,51.99546432495117
2025-04-23,204.1004180908203,29.675752639770508,52.61376953125
2025-04-24,207.8612060546875,29.53984832763672,53.43495559692383
2025-04-25,208.76898193359372,29.62721443176269,52.02444839477539
2025-04-28,209.62689208984372,29.510725021362305,52.2080078125
2025-04-29,210.6942901611328,29.66604423522949,52.01478576660156
2025-04-30,211.9811248779297,29.11271858215332,51.06801223754883
2025-05-01,212.79913330078125,,
2025-05-02,204.8485870361328,29.90873146057129,51.01004409790039
2025-05-05,198.40435791015625,28.79237174987793,51.16461944580078
2025-05-06,198.02528381347656,29.268037796020508,51.20326232910156
2025-05-07,195.7707977294922,29.40394401550293,51.10665512084961
2025-05-08,197.00778198242188,29.811655044555664,50.95207977294922
2025-05-09,198.0452423095703,30.00580596923828,51.15496063232422
2025-05-12,210.5510406494141,30.724159240722656,52.43986892700195
2025-05-13,212.6886138916016,31.19011878967285,53.29969787597656
2025-05-14,212.08929443359372,30.97655296325684,53.03885269165039
2025-05-15,211.21029663085935,30.937725067138672,53.57020950317383
2025-05-16,211.0205078125,31.083335876464844,53.60885238647461
2025-05-19,208.54331970214844,31.044506072998047,53.46393585205078
2025-05-20,206.62550354003903,31.170703887939453,53.473594665527344
2025-05-21,201.86090087890625,30.82123374938965,52.78766632080078
2025-05-22,201.13172912597656,30.41352081298828,52.39156723022461
2025-05-23,195.04864501953125,30.48147201538086,52.478515625
2025-05-26,,30.384397506713867,52.17902374267578
2025-05-27,199.9830474853516,30.607669830322266,52.01478576660156
2025-05-28,200.1927947998047,30.510595321655277,51.599365234375
2025-05-29,199.72332763671875,30.326152801513672,51.63800811767578
2025-05-30,200.622314453125,29.996097564697266,50.33377456665039
2025-06-02,201.47134399414065,30.170833587646484,50.77818298339844
2025-06-03,203.03956604003903,30.18000030517578,50.74919509887695
2025-06-04,202.590087890625,29.350000381469727,50.98106002807617
2025-06-05,200.40257263183597,29.36000061035156,51.11631393432617
2025-06-06,203.68882751464844,29.670000076293945,51.18394088745117
2025-06-09,201.2216339111328,29.170000076293945,51.48343276977539
2025-06-10,202.44024658203125,30.049999237060547,51.83123016357422
2025-06-11,198.55465698242188,31.049999237060547,51.37716293334961
2025-06-12,198.97418212890625,31.75,51.03902816772461
2025-06-13,196.227294921875,32.529998779296875,50.36275863647461
2025-06-16,198.195068359375,32.209999084472656,52.005126953125
2025-06-17,195.418212890625,32.939998626708984,49.66716766357422
2025-06-18,196.35714721679688,32.90999984741211,49.5029296875
2025-06-20,200.7721405029297,32.81999969482422,48.22767639160156
2025-06-23,201.2715759277344,32.0,48.83631896972656
2025-06-24,200.07293701171875,31.3700008392334,48.82666015625
2025-06-25,201.33151245117188,31.209999084472656,48.76869201660156
2025-06-26,200.7721405029297,31.459999084472656,50.23716354370117
2025-06-27,200.85205078125,31.209999084472656,51.07767105102539
2025-06-30,204.9374084472656,31.3799991607666,50.86513137817383
2025-07-01,207.58441162109372,31.489999771118164,51.55105972290039
2025-07-02,212.1991729736328,32.04999923706055,53.42529296875
2025-07-03,213.30792236328125,32.15999984741211,53.17410659790039
2025-07-04,,32.119998931884766,53.32868194580078
2025-07-07,209.7119903564453,32.060001373291016,52.546142578125
2025-07-08,209.7719268798828,32.52000045776367,52.72970199584961
2025-07-09,210.9006500244141,32.31999969482422,52.2080078125
2025-07-10,212.1692047119141,32.2400016784668,53.40596771240234
2025-07-11,210.92062377929688,32.630001068115234,54.1015625
2025-07-14,208.3834991455078,32.20000076293945,53.48325729370117
2025-07-15,208.8729553222656,31.950000762939453,52.08241271972656
2025-07-16,209.92176818847656,31.790000915527344,52.55580520629883
2025-07-17,209.78192138671875,31.46999931335449,52.45919418334961
2025-07-18,210.9405975341797,30.989999771118164,52.71038055419922
2025-07-21,212.23912048339844,31.049999237060547,54.14986801147461
2025-07-22,214.15695190429688,31.350000381469727,55.55071258544922
2025-07-23,213.9072265625,31.989999771118164,55.47342300415039
2025-07-24,213.5176696777344,31.940000534057617,54.61359405517578
2025-07-25,213.63754272460935,31.979999542236328,53.81173324584961
2025-07-28,213.80735778808597,32.02000045776367,53.2900390625
2025-07-29,211.03050231933597,32.439998626708984,52.96156311035156
2025-07-30,208.81301879882807,32.77000045776367,52.01478576660156
2025-07-31,207.33470153808597,32.63999938964844,51.64767074584961
2025-08-01,202.1505889892578,32.209999084472656,51.92783737182617
2025-08-04,203.11949157714844,32.15999984741211,52.34326171875
2025-08-05,202.68995666503903,32.310001373291016,52.275634765625
2025-08-06,213.0082550048828,32.349998474121094,51.94716262817383
2025-08-07,219.7805633544922,32.529998779296875,52.32394027709961
2025-08-08,229.0900115966797,30.530000686645508,53.51224136352539
2025-08-11,227.17999267578125,30.71999931335449,53.45427703857422
2025-08-12,229.6499938964844,30.799999237060547,54.01461410522461
2025-08-13,233.3300018310547,30.56999969482422,54.09000015258789
2025-08-14,232.77999877929688,30.18000030517578,53.41999816894531
2025-08-15,231.02999877929688,29.959999084472656,53.22999954223633
